<?xml version="1.0" encoding="UTF-8"?>
<!--
    Licensed Materials - Property of IBM
    5725-I43 (C) Copyright IBM Corp. 2011, 2013. All Rights Reserved.
    US Government Users Restricted Rights - Use, duplication or
    disclosure restricted by GSA ADP Schedule Contract with IBM Corp.
-->
<nativeAndroidApp id="androidMobileCRM" platformVersion="6.2.0.00.20140825-1637"
	version="1.0" xmlns="http://www.worklight.com/native-android-descriptor">
	
	<displayName>androidMobileCRM</displayName>
	<description>androidMobileCRM</description>
	<publicSigningKey></publicSigningKey>
	<packageName></packageName>
		
</nativeAndroidApp>